"address_id"|"address"|"postal_code"|"phone"|"last_updated"|"city_id"
1|"3785 Smith Flats"|"28886"|"564.335.1592"|"2023-03-29 02:39:33.285228"|48
2|"43840 Erickson Junction Suite 630"|"95201"|"149-766-3494"|"2023-03-29 02:39:33.285394"|180
3|"486 Dunn Loaf"|"91500"|"496.873.9761x9287"|"2023-03-29 02:39:33.285534"|162
4|"220 Smith Roads"|"35896"|"076.732.3799"|"2023-03-29 02:39:33.285665"|106
5|"469 Matthew Rapids Suite 840"|"44907"|"020-424-5335x121"|"2023-03-29 02:39:33.285814"|17
6|"703 Christopher Valley"|"79564"|"001-567-490-5067x32698"|"2023-03-29 02:39:33.285934"|55
7|"3349 Hill Circles Apt. 314"|"38770"|"001-479-313-4048"|"2023-03-29 02:39:33.286080"|128
8|"7709 Margaret Avenue Apt. 224"|"95554"|"598.893.3594x6428"|"2023-03-29 02:39:33.286209"|80
9|"43321 Cox Falls"|"20424"|"001-105-108-8816x72816"|"2023-03-29 02:39:33.286355"|174
10|"315 Carr Common"|"01432"|"001-073-798-1638x1470"|"2023-03-29 02:39:33.286490"|131
11|"584 Adams Street Suite 733"|"40173"|"001-009-971-7594x641"|"2023-03-29 02:39:33.286634"|158
12|"286 Banks River"|"75175"|"274.257.9579x278"|"2023-03-29 02:39:33.286767"|17
13|"91835 Hannah Crescent"|"48709"|"9546313596"|"2023-03-29 02:39:33.286880"|19
14|"05173 Abigail Meadows Apt. 806"|"71161"|"+1-214-420-0977x4698"|"2023-03-29 02:39:33.287009"|157
15|"286 Sara Loaf Apt. 996"|"26988"|"(621)768-5208"|"2023-03-29 02:39:33.287128"|187
16|"3117 Wood Lights"|"22503"|"473-760-2914"|"2023-03-29 02:39:33.287262"|136
17|"312 Martinez Cape"|"08389"|"795.146.3337x6076"|"2023-03-29 02:39:33.287397"|15
18|"44667 Tammy Plains Apt. 749"|"70297"|"183.207.0837"|"2023-03-29 02:39:33.287519"|195
19|"62641 Torres Junctions"|"57076"|"547-803-4197x49772"|"2023-03-29 02:39:33.287658"|127
20|"95929 Edward Vista"|"70388"|"002-831-0782x77545"|"2023-03-29 02:39:33.287777"|31
21|"717 Morales Pines Apt. 944"|"51611"|"(472)803-4924"|"2023-03-29 02:39:33.287916"|193
22|"00273 Morris Cliffs"|"21790"|"+1-696-717-8777x903"|"2023-03-29 02:39:33.288050"|147
23|"77334 Ashley Mountains Apt. 268"|"50779"|"925.847.8664x6429"|"2023-03-29 02:39:33.288178"|37
24|"36532 Mejia Shore"|"91803"|"+1-880-504-3219x55312"|"2023-03-29 02:39:33.288317"|41
25|"98155 Lee Throughway Apt. 837"|"85632"|"525.847.7693x4275"|"2023-03-29 02:39:33.288464"|43
26|"44779 Stone Mills"|"87823"|"(726)600-5334x551"|"2023-03-29 02:39:33.288600"|158
27|"02411 Tina Prairie"|"24118"|"446-077-0069"|"2023-03-29 02:39:33.288711"|28
28|"777 Jack Extension Suite 958"|"80267"|"+1-650-364-5407x486"|"2023-03-29 02:39:33.288835"|41
29|"73281 Latasha Burg"|"44472"|"001-351-607-0175x5516"|"2023-03-29 02:39:33.288951"|194
30|"84691 Chavez Falls"|"77957"|"202.325.2928x0965"|"2023-03-29 02:39:33.289122"|170
31|"21903 Aimee Mountain"|"39974"|"+1-508-231-9222x53606"|"2023-03-29 02:39:33.289262"|95
32|"970 Parks Tunnel Suite 770"|"47256"|"001-653-388-5738x95989"|"2023-03-29 02:39:33.289409"|28
33|"1381 Jake Summit Suite 154"|"52467"|"7185628472"|"2023-03-29 02:39:33.289530"|124
34|"876 Ruiz Coves"|"00800"|"+1-541-947-6607"|"2023-03-29 02:39:33.289671"|165
35|"8220 Hailey Divide Apt. 282"|"08344"|"001-324-903-9435x18609"|"2023-03-29 02:39:33.289796"|105
36|"395 Nathaniel Knoll"|"53978"|"973-194-6669x5835"|"2023-03-29 02:39:33.289907"|68
37|"5079 Jason Route Apt. 159"|"81150"|"+1-214-673-2962x8699"|"2023-03-29 02:39:33.290030"|56
38|"642 Smith Field Apt. 269"|"25561"|"2293002486"|"2023-03-29 02:39:33.290165"|134
39|"415 Ball Ville"|"67841"|"4927070419"|"2023-03-29 02:39:33.290290"|132
40|"7949 Lori Club Apt. 999"|"28513"|"529-882-5916x438"|"2023-03-29 02:39:33.290466"|197
41|"36150 Glenn Village Apt. 515"|"88507"|"7481479620"|"2023-03-29 02:39:33.290619"|158
42|"5649 Dunn Loop Apt. 658"|"65937"|"001-483-005-0398"|"2023-03-29 02:39:33.290759"|191
43|"0272 Jason Isle"|"47757"|"(153)670-2665"|"2023-03-29 02:39:33.290868"|77
44|"0272 Pham Way Suite 897"|"49479"|"001-531-499-6037x9248"|"2023-03-29 02:39:33.291011"|182
45|"204 Amanda Creek"|"24418"|"(682)458-3664"|"2023-03-29 02:39:33.291118"|32
46|"692 Allison Plain Suite 301"|"72724"|"736.258.3975x304"|"2023-03-29 02:39:33.291238"|114
47|"0235 Wagner Lane Apt. 782"|"61892"|"500-475-3232"|"2023-03-29 02:39:33.291380"|101
48|"0699 Elijah Way"|"49781"|"001-431-296-4169x798"|"2023-03-29 02:39:33.291493"|199
49|"884 Brandon Trail"|"72635"|"590.737.6566x623"|"2023-03-29 02:39:33.291604"|74
50|"64112 Bowen Creek"|"06951"|"787-413-2700x9336"|"2023-03-29 02:39:33.291738"|81
51|"18581 Jacob River"|"22218"|"(206)608-1917x71652"|"2023-03-29 02:39:33.291853"|145
52|"32694 Floyd Field"|"70922"|"752-640-7462"|"2023-03-29 02:39:33.291981"|107
53|"284 Brooke Cliff"|"33032"|"493.085.5808x82820"|"2023-03-29 02:39:33.292095"|46
54|"57619 Wood Ranch"|"84936"|"262-076-1074"|"2023-03-29 02:39:33.292224"|165
55|"5765 Robert Underpass"|"02698"|"(612)836-7662x27095"|"2023-03-29 02:39:33.292338"|149
56|"97966 Neal Branch"|"22191"|"001-465-217-1166"|"2023-03-29 02:39:33.292466"|188
57|"7678 Miller Extensions Suite 608"|"81062"|"001-085-780-0673x218"|"2023-03-29 02:39:33.292607"|5
58|"995 Kirby Run"|"33972"|"284-264-0892x2142"|"2023-03-29 02:39:33.292737"|127
59|"156 Terry Port Apt. 976"|"11761"|"001-987-585-9362x1283"|"2023-03-29 02:39:33.292859"|109
60|"3599 Taylor Avenue"|"72709"|"886-725-6956x12902"|"2023-03-29 02:39:33.292992"|188
61|"6417 Scott Glen"|"59155"|"+1-178-674-5171x318"|"2023-03-29 02:39:33.293168"|158
62|"27670 Nguyen Brook"|"47670"|"116.079.8325"|"2023-03-29 02:39:33.293312"|79
63|"76323 Laura Roads"|"40641"|"9309674948"|"2023-03-29 02:39:33.293420"|194
64|"55275 Courtney Points"|"89567"|"929-984-2826"|"2023-03-29 02:39:33.293528"|38
65|"8825 Peterson Circle"|"96363"|"981.443.6372"|"2023-03-29 02:39:33.293653"|8
66|"543 Lamb Parkways Suite 804"|"72333"|"001-963-400-9953x37548"|"2023-03-29 02:39:33.293795"|17
67|"0322 Dale Inlet Suite 773"|"91563"|"(572)753-2240"|"2023-03-29 02:39:33.293911"|58
68|"489 Lisa Mall Suite 151"|"50740"|"(691)306-7694"|"2023-03-29 02:39:33.294025"|7
69|"86616 Monique Forks Suite 004"|"03617"|"(989)011-6715x74581"|"2023-03-29 02:39:33.294149"|181
70|"088 Victoria Villages Apt. 027"|"48440"|"001-498-142-8631x805"|"2023-03-29 02:39:33.294266"|2
71|"18018 Jeffrey Greens Suite 825"|"11609"|"614.276.3751x21684"|"2023-03-29 02:39:33.294389"|80
72|"466 Reed Center"|"66686"|"750-623-9273x539"|"2023-03-29 02:39:33.294517"|10
73|"4718 Angel Flats"|"75997"|"+1-454-754-0370x12912"|"2023-03-29 02:39:33.294629"|71
74|"4690 Black Greens Suite 127"|"17126"|"744-634-6332"|"2023-03-29 02:39:33.294765"|159
75|"1873 Stone Forges Suite 031"|"60872"|"098-686-6212x844"|"2023-03-29 02:39:33.294905"|36
76|"96731 Steele Lake Apt. 108"|"57868"|"+1-416-379-4698x86169"|"2023-03-29 02:39:33.295048"|108
77|"36286 Davis Avenue"|"82446"|"001-210-923-4767"|"2023-03-29 02:39:33.295176"|153
78|"8250 Sharp Isle Suite 044"|"98298"|"882-792-5538x3482"|"2023-03-29 02:39:33.295317"|68
79|"0525 Alison Plain Apt. 206"|"49561"|"(739)293-5500"|"2023-03-29 02:39:33.295434"|8
80|"266 James Run Suite 637"|"67630"|"5074453067"|"2023-03-29 02:39:33.295549"|67
81|"43683 Tate Club Apt. 799"|"16027"|"001-136-403-7562x2373"|"2023-03-29 02:39:33.295696"|137
82|"4026 Potter Roads Apt. 901"|"73024"|"(964)451-2223x572"|"2023-03-29 02:39:33.295838"|67
83|"14961 Cathy Court"|"13025"|"418-536-7572x60385"|"2023-03-29 02:39:33.295953"|195
84|"524 Anthony Plain"|"90913"|"+1-321-361-0115"|"2023-03-29 02:39:33.296059"|76
85|"992 Nathan Springs"|"53114"|"(571)297-0381"|"2023-03-29 02:39:33.296164"|178
86|"578 Jones Circles Apt. 667"|"01157"|"+1-399-353-6421x16129"|"2023-03-29 02:39:33.296305"|139
87|"01951 Stephanie Cliff"|"17979"|"+1-866-219-3733x232"|"2023-03-29 02:39:33.296417"|54
88|"7208 Robinson Pine Suite 871"|"50936"|"001-939-396-6503x148"|"2023-03-29 02:39:33.296557"|127
89|"44461 Chloe Trafficway Suite 708"|"76349"|"9468065460"|"2023-03-29 02:39:33.296674"|98
90|"734 Smith Fort"|"90816"|"394.848.8866x2913"|"2023-03-29 02:39:33.296803"|19
91|"1298 Natasha Lane"|"85046"|"+1-056-149-8343x0597"|"2023-03-29 02:39:33.296915"|50
92|"2358 Patrick Squares Apt. 914"|"91253"|"+1-095-470-0816x437"|"2023-03-29 02:39:33.297035"|123
93|"3635 Robert Ville Suite 319"|"64840"|"675.611.1450x935"|"2023-03-29 02:39:33.297411"|161
94|"6875 Flores Valley Suite 755"|"49965"|"7322187839"|"2023-03-29 02:39:33.297553"|46
95|"60307 Nicole Cape"|"01266"|"962-640-7717"|"2023-03-29 02:39:33.297663"|13
96|"6558 Brian Crescent"|"30187"|"4598285626"|"2023-03-29 02:39:33.297818"|27
97|"200 Angela Parkways"|"74718"|"902-505-9481x612"|"2023-03-29 02:39:33.297932"|78
98|"4883 Terri Wall Apt. 256"|"52140"|"(850)847-2701"|"2023-03-29 02:39:33.298051"|22
99|"3780 Jeremy Coves"|"36968"|"(578)177-2314x590"|"2023-03-29 02:39:33.298163"|68
100|"400 Kimberly Cape Apt. 344"|"13940"|"654-767-9914"|"2023-03-29 02:39:33.298280"|174
101|"17199 Mccullough Light"|"13689"|"446-052-6071x36418"|"2023-03-29 02:39:33.298416"|41
102|"780 Ferguson Camp"|"27178"|"+1-055-568-6427x6808"|"2023-03-29 02:39:33.298547"|170
103|"312 Andrade Hills Apt. 391"|"22812"|"3474872650"|"2023-03-29 02:39:33.298682"|190
104|"42447 Nguyen Spring Apt. 303"|"13000"|"(746)480-8979x58166"|"2023-03-29 02:39:33.298826"|91
105|"8892 Stewart Tunnel"|"59415"|"(683)138-8335x07532"|"2023-03-29 02:39:33.298959"|148
106|"823 Stewart Village"|"45963"|"001-159-086-0040x2923"|"2023-03-29 02:39:33.299088"|111
107|"8105 Soto Ports Suite 980"|"66420"|"3825064271"|"2023-03-29 02:39:33.299223"|69
108|"049 Nguyen Plain"|"29154"|"+1-776-276-6366x864"|"2023-03-29 02:39:33.299350"|109
109|"18803 Angela Estates"|"97359"|"998-054-3275x99581"|"2023-03-29 02:39:33.299465"|161
110|"811 Delgado Station"|"98814"|"+1-033-178-0602x8175"|"2023-03-29 02:39:33.299595"|5
111|"6529 Rivera Shore"|"36141"|"599-319-8715x85506"|"2023-03-29 02:39:33.299726"|46
112|"09059 Jacob Field"|"15159"|"001-130-085-0759x1889"|"2023-03-29 02:39:33.299840"|141
113|"68709 Christian Way Suite 650"|"40792"|"535-178-6076x614"|"2023-03-29 02:39:33.299962"|39
114|"95469 Rhonda Plaza"|"11934"|"+1-210-842-1764x919"|"2023-03-29 02:39:33.300073"|29
115|"63657 Boyd View"|"67733"|"073-461-7692x9837"|"2023-03-29 02:39:33.300204"|51
116|"3684 Carr Burg Apt. 244"|"03919"|"910.677.4840x393"|"2023-03-29 02:39:33.300342"|63
117|"3536 Jade Turnpike"|"27220"|"718.285.2700"|"2023-03-29 02:39:33.300449"|1
118|"098 Murphy Camp"|"64039"|"345-974-1304x015"|"2023-03-29 02:39:33.300575"|7
119|"4131 Waters Island"|"39387"|"928.883.8980x99511"|"2023-03-29 02:39:33.300706"|93
120|"24145 Tapia Trafficway"|"99856"|"(028)464-4898"|"2023-03-29 02:39:33.300833"|114
121|"07921 Cardenas Loaf"|"68273"|"014-188-0520"|"2023-03-29 02:39:33.300959"|121
122|"782 Pamela Throughway Suite 927"|"13260"|"+1-228-843-0317x49498"|"2023-03-29 02:39:33.301127"|194
123|"7310 Malone Meadow Apt. 802"|"46397"|"+1-560-395-3981x951"|"2023-03-29 02:39:33.301323"|162
124|"487 Laura Prairie"|"34346"|"509.955.1403x2954"|"2023-03-29 02:39:33.301433"|65
125|"20774 Diana Village"|"73052"|"+1-248-039-4446x50449"|"2023-03-29 02:39:33.301546"|47
126|"708 Munoz Shoals"|"79215"|"824.765.4990x74924"|"2023-03-29 02:39:33.301675"|53
127|"8862 Wilson Valley Suite 799"|"56161"|"001-200-198-6248x7270"|"2023-03-29 02:39:33.301815"|4
128|"741 May Island"|"93709"|"331-406-5066x5591"|"2023-03-29 02:39:33.301943"|191
129|"89269 Stanley Road"|"80623"|"084-621-5847x8711"|"2023-03-29 02:39:33.302073"|34
130|"413 Andrew Drives"|"91824"|"692.490.9883x9047"|"2023-03-29 02:39:33.302282"|12
131|"3564 Steven Union"|"49441"|"(659)715-0932x5317"|"2023-03-29 02:39:33.302419"|188
132|"311 Sarah Vista Apt. 287"|"54882"|"001-695-763-2715"|"2023-03-29 02:39:33.302534"|7
133|"211 Mariah Spur"|"49624"|"(169)244-3381"|"2023-03-29 02:39:33.302639"|114
134|"7109 Davis Key Suite 356"|"17637"|"244-360-4260x531"|"2023-03-29 02:39:33.302779"|50
135|"138 Tiffany Ridges Suite 364"|"89037"|"001-857-758-3140x9117"|"2023-03-29 02:39:33.302898"|159
136|"4011 Michael Ridges Suite 464"|"05292"|"(328)025-0781"|"2023-03-29 02:39:33.303015"|93
137|"7855 Heidi Hollow"|"02439"|"001-990-371-7922"|"2023-03-29 02:39:33.303120"|139
138|"01354 Elizabeth Lakes Apt. 696"|"40407"|"0259632310"|"2023-03-29 02:39:33.303237"|165
139|"99797 Bradley Rue"|"22855"|"860-780-5580"|"2023-03-29 02:39:33.303400"|28
140|"48772 Cannon Burgs"|"43454"|"001-233-267-9054x6495"|"2023-03-29 02:39:33.303532"|91
141|"516 Raymond Dam"|"33769"|"5766336068"|"2023-03-29 02:39:33.303637"|14
142|"90363 Stephanie Cape Apt. 281"|"44721"|"048.915.1451x2395"|"2023-03-29 02:39:33.303758"|175
143|"88435 Kevin Junction"|"34051"|"(366)140-2559x468"|"2023-03-29 02:39:33.303869"|113
144|"87729 Rush Islands Apt. 796"|"55076"|"+1-074-825-9902x34157"|"2023-03-29 02:39:33.304011"|24
145|"67460 Brown Radial Apt. 072"|"91357"|"+1-625-134-0088x4684"|"2023-03-29 02:39:33.304152"|75
146|"20093 Smith Dale"|"78090"|"139.524.8487x817"|"2023-03-29 02:39:33.304282"|141
147|"2597 Parker Station Apt. 118"|"84008"|"001-597-156-7663x8887"|"2023-03-29 02:39:33.304423"|14
148|"28222 James Divide Apt. 285"|"23128"|"(164)248-6921"|"2023-03-29 02:39:33.304540"|165
149|"6178 Rodriguez Garden"|"65319"|"187-349-3546x045"|"2023-03-29 02:39:33.304668"|69
150|"3599 Wu Island"|"84102"|"(769)028-3650x440"|"2023-03-29 02:39:33.304796"|113
151|"630 Stein Harbor"|"40370"|"001-140-086-6275x024"|"2023-03-29 02:39:33.304923"|4
152|"69769 Matthew Tunnel"|"04313"|"887-971-7636x16568"|"2023-03-29 02:39:33.305127"|102
153|"851 Graham Parkways"|"13339"|"627.424.9704x9550"|"2023-03-29 02:39:33.305300"|185
154|"8362 Zachary Fort"|"90230"|"(009)914-8615x01818"|"2023-03-29 02:39:33.305414"|88
155|"791 Selena Port Apt. 690"|"34501"|"090-236-8457x458"|"2023-03-29 02:39:33.305534"|10
156|"7857 Davis Road"|"91598"|"001-797-507-5162x72191"|"2023-03-29 02:39:33.305665"|99
157|"69346 Schroeder Station Suite 865"|"25397"|"553-926-6575x1179"|"2023-03-29 02:39:33.305809"|181
158|"70875 Fowler Stravenue"|"43457"|"285.291.5602x7575"|"2023-03-29 02:39:33.305942"|99
159|"825 Young Ports"|"99882"|"268.487.9700"|"2023-03-29 02:39:33.306066"|29
160|"310 Green Throughway"|"20023"|"+1-559-394-6101"|"2023-03-29 02:39:33.306193"|27
161|"83305 Terry Knoll"|"58021"|"+1-065-078-6470x59825"|"2023-03-29 02:39:33.306307"|141
162|"4700 Michael Island Suite 630"|"03684"|"071-847-6545"|"2023-03-29 02:39:33.306423"|82
163|"9126 Ochoa Point Apt. 244"|"93725"|"(135)953-9138"|"2023-03-29 02:39:33.306558"|165
164|"1422 Betty Branch Suite 282"|"81033"|"+1-260-749-9034x40835"|"2023-03-29 02:39:33.306680"|92
165|"83313 Estes Overpass"|"53478"|"+1-017-380-0822"|"2023-03-29 02:39:33.306807"|114
166|"926 Hester Pike Suite 655"|"18899"|"(468)027-0308"|"2023-03-29 02:39:33.306940"|20
167|"01091 Smith Prairie Apt. 498"|"44536"|"8560635197"|"2023-03-29 02:39:33.307076"|47
168|"9238 Thompson Stream Apt. 798"|"43797"|"001-525-032-3823x016"|"2023-03-29 02:39:33.307215"|178
169|"20712 Paul Knolls Suite 246"|"52280"|"+1-283-869-1269x2116"|"2023-03-29 02:39:33.307339"|146
170|"021 Paul Views"|"93485"|"(117)633-6573"|"2023-03-29 02:39:33.307463"|29
171|"213 Lee Ranch"|"69640"|"(568)013-2904x192"|"2023-03-29 02:39:33.307591"|29
172|"094 Potts Court Suite 111"|"33938"|"442.183.1894"|"2023-03-29 02:39:33.307726"|167
173|"4682 Kenneth Springs"|"36505"|"440-279-5514x6103"|"2023-03-29 02:39:33.307838"|155
174|"730 Charles Harbor Apt. 366"|"72004"|"170.819.2069x29005"|"2023-03-29 02:39:33.307959"|194
175|"769 Jesse Junctions"|"20161"|"(500)942-7861x65683"|"2023-03-29 02:39:33.308071"|25
176|"95752 Jessica Forge"|"28574"|"463.043.7676x66996"|"2023-03-29 02:39:33.308185"|140
177|"7602 George Burgs Apt. 278"|"67257"|"420-919-2829x92744"|"2023-03-29 02:39:33.308306"|93
178|"2477 Rebecca Ridges Suite 747"|"48794"|"+1-801-630-4352x9588"|"2023-03-29 02:39:33.308427"|158
179|"3855 Williams Parks"|"21980"|"001-697-799-1895"|"2023-03-29 02:39:33.308552"|107
180|"852 Phelps Ways"|"53137"|"045.320.5872x981"|"2023-03-29 02:39:33.308679"|23
181|"473 Hughes Lodge"|"29933"|"583.059.2426x417"|"2023-03-29 02:39:33.308805"|92
182|"3594 Campbell Drive Apt. 332"|"36629"|"323-363-1601x62692"|"2023-03-29 02:39:33.308946"|6
183|"2398 Dawn Trace Apt. 040"|"88072"|"+1-910-660-6018x2383"|"2023-03-29 02:39:33.309095"|2
184|"0207 Andrew Turnpike"|"98971"|"8650840281"|"2023-03-29 02:39:33.309350"|165
185|"743 Matthew Island Apt. 149"|"03652"|"266.254.0362x2871"|"2023-03-29 02:39:33.309490"|19
186|"2450 Wesley Corners Apt. 154"|"14031"|"448-604-9072x1000"|"2023-03-29 02:39:33.309613"|26
187|"17086 Myers Way"|"32303"|"695.953.6715x264"|"2023-03-29 02:39:33.309745"|97
188|"073 Jeffrey Plains Suite 796"|"43661"|"+1-507-956-0944x697"|"2023-03-29 02:39:33.309865"|126
189|"65298 Rick Plain"|"94183"|"9454765235"|"2023-03-29 02:39:33.310069"|46
190|"185 Mary Ridges Suite 417"|"87030"|"001-346-075-0831"|"2023-03-29 02:39:33.310198"|95
191|"066 Christine Lake"|"56797"|"279.236.4246"|"2023-03-29 02:39:33.310304"|26
192|"13799 Kyle Cliffs Apt. 289"|"05192"|"(855)074-0943"|"2023-03-29 02:39:33.310421"|125
193|"69533 Vernon Union Suite 773"|"67199"|"001-135-858-7344"|"2023-03-29 02:39:33.310538"|13
194|"779 Charles Isle Suite 093"|"43127"|"829-674-3079x3953"|"2023-03-29 02:39:33.310659"|128
195|"417 Molly Dam Suite 729"|"27492"|"+1-412-585-8767x9297"|"2023-03-29 02:39:33.310778"|48
196|"9109 Tyler Haven Apt. 323"|"82804"|"001-900-709-3970x347"|"2023-03-29 02:39:33.310898"|192
197|"10534 Kathryn Stravenue"|"11761"|"624-492-0746x990"|"2023-03-29 02:39:33.311011"|32
198|"251 Chelsea Station Suite 762"|"65344"|"001-040-324-1479"|"2023-03-29 02:39:33.311124"|107
199|"232 Lam Mills Apt. 399"|"03879"|"097.841.4427x7496"|"2023-03-29 02:39:33.311263"|132
200|"0547 Nicholas Square Apt. 380"|"50039"|"683.136.1881x37199"|"2023-03-29 02:39:33.311386"|15
201|"4386 Melissa Skyway"|"25663"|"013-926-2381"|"2023-03-29 02:39:33.311491"|115
202|"7595 Gates Center"|"18287"|"3011318927"|"2023-03-29 02:39:33.311615"|17
203|"245 Kristin Viaduct"|"63800"|"(703)732-8097x2468"|"2023-03-29 02:39:33.311724"|118
204|"78548 Smith Field Suite 161"|"81950"|"001-587-070-9709x291"|"2023-03-29 02:39:33.311864"|153
205|"607 Wright Landing Apt. 519"|"62542"|"9592663688"|"2023-03-29 02:39:33.311998"|136
206|"140 Jaclyn Shores"|"70691"|"001-366-535-3352x654"|"2023-03-29 02:39:33.312106"|66
207|"811 Mcintosh Trail Apt. 229"|"33152"|"953-249-7606"|"2023-03-29 02:39:33.312239"|71
208|"215 Stephanie Dale Apt. 214"|"68851"|"001-458-940-0223"|"2023-03-29 02:39:33.312352"|156
209|"2398 Timothy Cape Apt. 941"|"48615"|"609.362.7728x850"|"2023-03-29 02:39:33.312471"|17
210|"59321 Kenneth Rapid"|"53950"|"346.378.6689"|"2023-03-29 02:39:33.312578"|31
211|"0474 Robert Prairie"|"42285"|"001-551-170-7047x53990"|"2023-03-29 02:39:33.312691"|152
212|"935 Travis Loaf"|"61742"|"242-747-2099x237"|"2023-03-29 02:39:33.312801"|54
213|"07967 Charles Shore Apt. 905"|"50601"|"+1-077-224-0980x6956"|"2023-03-29 02:39:33.312923"|13
214|"479 Stein Course Suite 774"|"45577"|"492-847-2145x90962"|"2023-03-29 02:39:33.313314"|168
215|"2299 Traci Brooks"|"89535"|"+1-766-169-6686"|"2023-03-29 02:39:33.313428"|66
216|"215 Price Spur Suite 941"|"11009"|"(416)333-8623x4234"|"2023-03-29 02:39:33.313570"|101
217|"27447 Connie Course Suite 811"|"01128"|"+1-131-100-3636"|"2023-03-29 02:39:33.313689"|9
218|"7246 Nguyen Run Apt. 730"|"16988"|"640.746.6284"|"2023-03-29 02:39:33.313826"|163
219|"43888 Lawrence Flat Apt. 478"|"43049"|"256.232.5243"|"2023-03-29 02:39:33.313963"|140
220|"003 Burns Station Apt. 835"|"94217"|"001-381-020-4636x0839"|"2023-03-29 02:39:33.314104"|58
221|"87928 Ruiz Plains Suite 871"|"50106"|"(579)013-7372"|"2023-03-29 02:39:33.314241"|117
222|"09789 Keith Curve Apt. 021"|"44530"|"(602)413-3437"|"2023-03-29 02:39:33.314359"|185
223|"7743 Howell Lakes"|"34835"|"+1-417-604-9359x9631"|"2023-03-29 02:39:33.314490"|93
224|"758 Cox Via"|"15847"|"240.700.9638"|"2023-03-29 02:39:33.314615"|195
225|"1874 Jones Haven"|"27166"|"001-729-983-6014"|"2023-03-29 02:39:33.314741"|191
226|"1931 Sanchez Passage"|"62130"|"163.795.0201x182"|"2023-03-29 02:39:33.314869"|66
227|"10530 Summers Roads"|"01576"|"565.943.4400"|"2023-03-29 02:39:33.315005"|108
228|"3958 Timothy Extensions Suite 482"|"69483"|"532.638.3906x0049"|"2023-03-29 02:39:33.315130"|133
229|"811 Daniel Fall Apt. 033"|"63071"|"408.375.5575"|"2023-03-29 02:39:33.315247"|129
230|"112 Nathan Ferry"|"13919"|"(094)078-1591x01475"|"2023-03-29 02:39:33.315361"|100
231|"565 Rogers Plaza"|"27461"|"9142404594"|"2023-03-29 02:39:33.315485"|190
232|"826 Keith Road"|"07592"|"(401)432-4760"|"2023-03-29 02:39:33.315609"|135
233|"89957 Daisy View Apt. 035"|"26660"|"(837)899-5129x5342"|"2023-03-29 02:39:33.315731"|53
234|"2100 Christopher Pine Apt. 555"|"17535"|"472-316-6312"|"2023-03-29 02:39:33.315848"|119
235|"722 Robert Course Apt. 329"|"93516"|"+1-216-469-1969x953"|"2023-03-29 02:39:33.315967"|193
236|"27572 Christina Mountain Apt. 184"|"21718"|"(273)275-4828x315"|"2023-03-29 02:39:33.316089"|76
237|"082 Kline Throughway"|"20931"|"278.575.7416"|"2023-03-29 02:39:33.316213"|55
238|"0234 Miller Pike"|"09332"|"066.261.0320"|"2023-03-29 02:39:33.316338"|90
239|"18708 Lisa Ville"|"45675"|"(228)968-2089x342"|"2023-03-29 02:39:33.316448"|157
240|"04329 Monique Mountains"|"92506"|"078-840-7909x059"|"2023-03-29 02:39:33.316560"|41
241|"406 Day Unions"|"64214"|"001-819-123-3364x66494"|"2023-03-29 02:39:33.316692"|144
242|"3759 Sanchez Drives"|"22280"|"+1-983-935-9000x44955"|"2023-03-29 02:39:33.316824"|184
243|"68330 Barr Passage"|"46184"|"014-543-8430"|"2023-03-29 02:39:33.316949"|84
244|"4689 Taylor Streets"|"95353"|"001-938-300-5897x573"|"2023-03-29 02:39:33.317113"|118
245|"3355 Rodriguez Courts Apt. 232"|"33929"|"280.233.8811"|"2023-03-29 02:39:33.317294"|34
246|"67664 Dana Falls"|"41760"|"152-547-9878"|"2023-03-29 02:39:33.317401"|85
247|"942 Melinda Inlet Apt. 514"|"84793"|"659-626-3541x52661"|"2023-03-29 02:39:33.317522"|109
248|"131 Claire Prairie Apt. 965"|"41197"|"817-301-3000x981"|"2023-03-29 02:39:33.317641"|45
249|"508 Crystal Divide"|"85612"|"(728)908-5186"|"2023-03-29 02:39:33.317781"|68
250|"73760 Michael Summit Suite 580"|"42542"|"538.269.5511x78723"|"2023-03-29 02:39:33.317978"|59
251|"68912 Flores Prairie Apt. 279"|"30544"|"3178186646"|"2023-03-29 02:39:33.318201"|38
252|"6245 Arnold Pine"|"94282"|"2782103514"|"2023-03-29 02:39:33.318400"|110
253|"540 Martinez Turnpike Suite 316"|"02923"|"536.508.6537x1612"|"2023-03-29 02:39:33.318544"|89
254|"53016 Judy Curve"|"74821"|"(833)893-8428x732"|"2023-03-29 02:39:33.318657"|44
255|"22740 Washington Rapids"|"70872"|"880.308.7076x3033"|"2023-03-29 02:39:33.318790"|101
256|"4744 Brian Port Apt. 633"|"66398"|"(422)145-8781x03425"|"2023-03-29 02:39:33.318914"|50
257|"64668 Samuel Mews"|"58410"|"4071819570"|"2023-03-29 02:39:33.319021"|48
258|"0184 Perry Centers"|"75557"|"(295)804-6203x750"|"2023-03-29 02:39:33.319151"|111
259|"29535 Stephen Ridges Suite 325"|"79369"|"6154262587"|"2023-03-29 02:39:33.319268"|107
260|"361 Katie Unions"|"34053"|"372.730.6153"|"2023-03-29 02:39:33.319374"|22
261|"18727 Thompson Ways Apt. 673"|"51156"|"275-550-8320"|"2023-03-29 02:39:33.319510"|54
262|"86821 Andrea Valley"|"78960"|"+1-867-920-0191x180"|"2023-03-29 02:39:33.319622"|131
263|"57666 Gary Loaf Apt. 800"|"10699"|"001-672-259-8191x8951"|"2023-03-29 02:39:33.319744"|173
264|"43374 John Pike Suite 940"|"76850"|"374.823.3508x3739"|"2023-03-29 02:39:33.319865"|170
265|"0063 Sophia Summit"|"77868"|"+1-515-510-2977x62644"|"2023-03-29 02:39:33.319977"|122
266|"521 Dana Grove Apt. 552"|"86491"|"+1-017-908-7092"|"2023-03-29 02:39:33.320092"|180
267|"994 Cain Port Apt. 621"|"27322"|"6524422966"|"2023-03-29 02:39:33.320226"|82
268|"773 Tara Forks"|"94613"|"001-863-765-5605x05663"|"2023-03-29 02:39:33.320337"|89
269|"37926 Brown Turnpike"|"30649"|"(784)634-9916x774"|"2023-03-29 02:39:33.320468"|135
270|"31100 Christopher Flat Suite 734"|"59839"|"+1-185-131-4244"|"2023-03-29 02:39:33.320751"|1
271|"1593 Meyers Grove Suite 443"|"15859"|"001-103-002-6982x02845"|"2023-03-29 02:39:33.321105"|116
272|"09961 Taylor Glen Suite 346"|"88960"|"(523)335-0328x9088"|"2023-03-29 02:39:33.321499"|111
273|"1774 John Pines Suite 032"|"75103"|"900-380-3475x1117"|"2023-03-29 02:39:33.321729"|78
274|"74932 Tracy Unions Suite 446"|"22187"|"001-665-549-2093x127"|"2023-03-29 02:39:33.321919"|93
275|"78215 Stanley Hills"|"62102"|"607.397.8908"|"2023-03-29 02:39:33.322219"|115
276|"26360 Pamela Cliff"|"78751"|"872.769.8691x5364"|"2023-03-29 02:39:33.322473"|72
277|"8885 Richard Vista Suite 918"|"65643"|"6731567138"|"2023-03-29 02:39:33.322679"|95
278|"392 Gabriel Meadow Suite 484"|"27723"|"947-006-7203x517"|"2023-03-29 02:39:33.322834"|141
279|"29326 Mary Lake Suite 919"|"23832"|"+1-135-545-8764x4394"|"2023-03-29 02:39:33.322992"|191
280|"61709 Christopher Rapids"|"69402"|"+1-689-289-4136x22774"|"2023-03-29 02:39:33.323139"|150
281|"854 Aaron Curve Suite 128"|"22161"|"756-353-1887"|"2023-03-29 02:39:33.323285"|49
282|"12153 Matthew Ways"|"36355"|"+1-965-650-2391x7130"|"2023-03-29 02:39:33.323430"|39
283|"45407 Jones Pass Suite 623"|"90463"|"(977)783-3134"|"2023-03-29 02:39:33.323607"|36
284|"6481 Melissa Motorway Suite 732"|"36762"|"+1-647-845-0988x12672"|"2023-03-29 02:39:33.323765"|41
285|"466 Roth Springs"|"73390"|"083.441.6142x821"|"2023-03-29 02:39:33.323929"|19
286|"663 Jacob Trafficway Apt. 378"|"30486"|"001-638-825-9022"|"2023-03-29 02:39:33.324077"|46
287|"263 Victoria Loop Apt. 665"|"99903"|"(345)714-0771"|"2023-03-29 02:39:33.324222"|171
288|"426 Brian Port Apt. 474"|"92301"|"001-841-070-5074"|"2023-03-29 02:39:33.324367"|117
289|"795 Clay Mill Suite 554"|"58331"|"001-288-854-7360x5815"|"2023-03-29 02:39:33.324544"|101
290|"304 Marcia Street Apt. 551"|"20557"|"001-982-799-0493"|"2023-03-29 02:39:33.324692"|171
291|"81983 Moore Mountain"|"71557"|"534-786-4923"|"2023-03-29 02:39:33.324854"|163
292|"114 Chris Stravenue"|"83390"|"001-886-156-5005"|"2023-03-29 02:39:33.324990"|101
293|"616 Callahan Fork"|"95062"|"(514)435-8578"|"2023-03-29 02:39:33.325263"|111
294|"6992 Lewis Corner Apt. 383"|"69135"|"047-595-7600"|"2023-03-29 02:39:33.325437"|132
295|"78241 Fritz Pines"|"21653"|"703-470-9594x999"|"2023-03-29 02:39:33.325604"|24
296|"254 Felicia Mountain Suite 129"|"68079"|"412.245.6673"|"2023-03-29 02:39:33.325757"|38
297|"6138 Peterson Cliff Apt. 405"|"97481"|"252.755.2523"|"2023-03-29 02:39:33.325911"|29
298|"7912 Good Parkway"|"19585"|"540.265.1374x86031"|"2023-03-29 02:39:33.326060"|172
299|"221 Flores Ramp Apt. 308"|"24988"|"001-127-940-0313x7596"|"2023-03-29 02:39:33.326218"|135
300|"10090 Myers Rue Apt. 984"|"58013"|"888-066-0672x47187"|"2023-03-29 02:39:33.326380"|43
