"address_id"|"address"|"city_id"|"postal_code"|"phone"|"last_updated"
1|"771 David Mountains Suite 279"|19|"22156"|"+1-763-603-3384x294"|"2023-03-04 13:43:16.575398"
2|"40502 Steven Village"|5|"96087"|"(719)549-3910"|"2023-03-04 13:43:16.575520"
3|"26344 Robert Unions"|13|"80736"|"001-240-474-0475"|"2023-03-04 13:43:16.575636"
4|"81007 Cynthia Summit"|3|"76800"|"+1-240-825-3864x1682"|"2023-03-04 13:43:16.575755"
5|"518 Riggs Glen"|15|"90288"|"001-301-415-2217x8839"|"2023-03-04 13:43:16.575895"
6|"796 Carrie Island Apt. 950"|5|"53250"|"(321)353-1138x61040"|"2023-03-04 13:43:16.576026"
7|"494 Larsen Pass Suite 516"|4|"18443"|"699.460.1469"|"2023-03-04 13:43:16.576165"
8|"1058 Steven Estate Suite 732"|18|"33826"|"001-061-978-1403"|"2023-03-04 13:43:16.576289"
9|"5415 Dana Pike Suite 817"|6|"25727"|"+1-236-740-2442x287"|"2023-03-04 13:43:16.576413"
10|"94756 Moss Crossroad"|14|"01398"|"108-417-3077"|"2023-03-04 13:43:16.576546"
11|"242 Wilson Meadows Suite 574"|14|"04313"|"(566)209-4578"|"2023-03-04 13:43:16.576695"
12|"34035 Amanda River"|1|"61919"|"908-804-3367"|"2023-03-04 13:43:16.576805"
13|"0735 Richard Via"|6|"44831"|"354.992.2639"|"2023-03-04 13:43:16.576912"
14|"27275 Sandra Groves"|15|"05180"|"(887)937-1117x79991"|"2023-03-04 13:43:16.577027"
15|"90000 Scott Crest Apt. 902"|15|"14292"|"+1-902-289-1821x07431"|"2023-03-04 13:43:16.577172"
16|"827 Thomas Pines Suite 075"|15|"13912"|"(967)599-4300x14215"|"2023-03-04 13:43:16.577313"
17|"0648 Judy Roads Apt. 489"|9|"05452"|"669.845.1389x495"|"2023-03-04 13:43:16.577434"
18|"5237 Kevin Ports"|8|"36783"|"+1-867-687-6428x63774"|"2023-03-04 13:43:16.577562"
19|"02637 Hines Lake Apt. 161"|19|"80716"|"001-410-112-5872x417"|"2023-03-04 13:43:16.577702"
20|"097 Salazar Unions Suite 205"|2|"46642"|"051-247-6160x5598"|"2023-03-04 13:43:16.577938"
21|"8009 Jacob Station"|8|"46959"|"988.544.4733x214"|"2023-03-04 13:43:16.578052"
22|"7265 Cynthia Avenue Apt. 300"|14|"32419"|"001-661-023-5635x3441"|"2023-03-04 13:43:16.578174"
23|"688 Mclean Loaf Suite 769"|1|"36689"|"(637)143-9238"|"2023-03-04 13:43:16.578307"
24|"81856 Yoder Mills Apt. 769"|14|"31086"|"1053166855"|"2023-03-04 13:43:16.578442"
25|"98150 Alan Ferry Suite 340"|12|"95096"|"(720)090-8412x04376"|"2023-03-04 13:43:16.578579"
26|"64508 Troy Shoal Apt. 194"|6|"51234"|"(678)667-6354x982"|"2023-03-04 13:43:16.578703"
27|"27269 Dean Place"|11|"62218"|"+1-710-087-2516"|"2023-03-04 13:43:16.578831"
28|"0562 Jodi Lodge"|5|"61382"|"+1-854-026-2468x888"|"2023-03-04 13:43:16.578942"
29|"3908 Bell Landing"|7|"77127"|"1388283126"|"2023-03-04 13:43:16.579072"
30|"19584 Kenneth Spring"|18|"36938"|"(490)924-8183x8716"|"2023-03-04 13:43:16.579188"
31|"6835 Sanders Road Apt. 995"|10|"73901"|"659.315.6192x93418"|"2023-03-04 13:43:16.579335"
32|"9686 Eric Grove"|15|"57563"|"868.427.6253x29483"|"2023-03-04 13:43:16.579452"
33|"865 Bryant Shore"|4|"49748"|"+1-141-257-1707"|"2023-03-04 13:43:16.579580"
34|"8053 Abbott Drives"|5|"85634"|"884.752.2659"|"2023-03-04 13:43:16.579707"
35|"7858 Ashley Forks"|18|"68718"|"090.463.3385x29484"|"2023-03-04 13:43:16.579823"
36|"95455 Henson Lodge Suite 876"|14|"05243"|"439-268-4939"|"2023-03-04 13:43:16.579963"
37|"2361 Velez Station Apt. 503"|14|"31462"|"+1-393-211-6731x5979"|"2023-03-04 13:43:16.580104"
38|"35174 Brian Terrace"|11|"40014"|"(663)621-0464x67298"|"2023-03-04 13:43:16.580221"
39|"34232 Howard Pass Apt. 868"|15|"25826"|"001-946-659-7149x9699"|"2023-03-04 13:43:16.580366"
40|"42547 Smith Views"|6|"18559"|"843.864.4905"|"2023-03-04 13:43:16.580495"
